"zipcode","state"
"00601","Puerto Rico"
"00624","Puerto Rico"
"00662","Puerto Rico"
"00676","Puerto Rico"
"00685","Puerto Rico"
"00690","Puerto Rico"
"00714","Puerto Rico"
"00715","Puerto Rico"
"00725","Puerto Rico"
"00934","Puerto Rico"
"00952","Puerto Rico"
"01005","Massachusetts"
"01040","Massachusetts"
"01226","Massachusetts"
"01236","Massachusetts"
"01247","Massachusetts"
"01258","Massachusetts"
"01420","Massachusetts"
"01463","Massachusetts"
"01469","Massachusetts"
"01501","Massachusetts"
"01531","Massachusetts"
"01560","Massachusetts"
"01568","Massachusetts"
"01583","Massachusetts"
"01602","Massachusetts"
"01606","Massachusetts"
"01610","Massachusetts"
"01701","Massachusetts"
"01721","Massachusetts"
"01778","Massachusetts"
"01824","Massachusetts"
"01844","Massachusetts"
"01860","Massachusetts"
"01862","Massachusetts"
"01908","Massachusetts"
"01923","Massachusetts"
"01985","Massachusetts"
"02050","Massachusetts"
"02067","Massachusetts"
"02113","Massachusetts"
"02134","Massachusetts"
"02143","Massachusetts"
"02151","Massachusetts"
"02203","Massachusetts"
"02322","Massachusetts"
"02324","Massachusetts"
"02360","Massachusetts"
"02375","Massachusetts"
"02452","Massachusetts"
"02459","Massachusetts"
"02462","Massachusetts"
"02472","Massachusetts"
"02532","Massachusetts"
"02575","Massachusetts"
"02646","Massachusetts"
"02653","Massachusetts"
"02672","Massachusetts"
"02715","Massachusetts"
"02740","Massachusetts"
"02746","Massachusetts"
"02807","Rhode Island"
"02827","Rhode Island"
"02832","Rhode Island"
"02861","Rhode Island"
"02882","Rhode Island"
"02891","Rhode Island"
"02910","Rhode Island"
"02912","Rhode Island"
"02916","Rhode Island"
"03046","New Hampshire"
"03054","New Hampshire"
"03101","New Hampshire"
"03216","New Hampshire"
"03227","New Hampshire"
"03231","New Hampshire"
"03234","New Hampshire"
"03238","New Hampshire"
"03249","New Hampshire"
"03258","New Hampshire"
"03263","New Hampshire"
"03279","New Hampshire"
"03282","New Hampshire"
"03442","New Hampshire"
"03443","New Hampshire"
"03445","New Hampshire"
"03451","New Hampshire"
"03590","New Hampshire"
"03601","New Hampshire"
"03777","New Hampshire"
"03809","New Hampshire"
"03842","New Hampshire"
"03850","New Hampshire"
"03851","New Hampshire"
"03885","New Hampshire"
"03907","Maine"
"04020","Maine"
"04040","Maine"
"04041","Maine"
"04064","Maine"
"04096","Maine"
"04221","Maine"
"04260","Maine"
"04360","Maine"
"04363","Maine"
"04401","Maine"
"04413","Maine"
"04424","Maine"
"04441","Maine"
"04450","Maine"
"04543","Maine"
"04574","Maine"
"04575","Maine"
"04614","Maine"
"04619","Maine"
"04634","Maine"
"04646","Maine"
"04660","Maine"
"04666","Maine"
"04686","Maine"
"04734","Maine"
"04781","Maine"
"04841","Maine"
"04851","Maine"
"04854","Maine"
"04861","Maine"
"04925","Maine"
"04932","Maine"
"04941","Maine"
"04947","Maine"
"04966","Maine"
"04983","Maine"
"05009","Vermont"
"05252","Vermont"
"05341","Vermont"
"05358","Vermont"
"05359","Vermont"
"05403","Vermont"
"05408","Vermont"
"05442","Vermont"
"05443","Vermont"
"05447","Vermont"
"05463","Vermont"
"05661","Vermont"
"05672","Vermont"
"05776","Vermont"
"05778","Vermont"
"05858","Vermont"
"05866","Vermont"
"05901","Vermont"
"05902","Vermont"
"06016","Connecticut"
"06024","Connecticut"
"06032","Connecticut"
"06053","Connecticut"
"06057","Connecticut"
"06068","Connecticut"
"06069","Connecticut"
"06074","Connecticut"
"06232","Connecticut"
"06249","Connecticut"
"06254","Connecticut"
"06336","Connecticut"
"06338","Connecticut"
"06339","Connecticut"
"06340","Connecticut"
"06374","Connecticut"
"06390","New York"
"06410","Connecticut"
"06441","Connecticut"
"06468","Connecticut"
"06471","Connecticut"
"06484","Connecticut"
"06514","Connecticut"
"06608","Connecticut"
"06706","Connecticut"
"06763","Connecticut"
"06782","Connecticut"
"06801","Connecticut"
"06811","Connecticut"
"06812","Connecticut"
"06851","Connecticut"
"07005","New Jersey"
"07020","New Jersey"
"07058","New Jersey"
"07062","New Jersey"
"07114","New Jersey"
"07201","New Jersey"
"07307","New Jersey"
"07418","New Jersey"
"07422","New Jersey"
"07452","New Jersey"
"07626","New Jersey"
"07656","New Jersey"
"07712","New Jersey"
"07764","New Jersey"
"07823","New Jersey"
"07831","New Jersey"
"07832","New Jersey"
"07878","New Jersey"
"07885","New Jersey"
"07932","New Jersey"
"08021","New Jersey"
"08026","New Jersey"
"08042","New Jersey"
"08054","New Jersey"
"08069","New Jersey"
"08071","New Jersey"
"08090","New Jersey"
"08095","New Jersey"
"08097","New Jersey"
"08105","New Jersey"
"08316","New Jersey"
"08560","New Jersey"
"08638","New Jersey"
"08740","New Jersey"
"08801","New Jersey"
"08832","New Jersey"
"08844","New Jersey"
"08852","New Jersey"
"08865","New Jersey"
"10028","New York"
"10029","New York"
"10038","New York"
"10069","New York"
"10165","New York"
"10280","New York"
"10307","New York"
"10314","New York"
"10501","New York"
"10560","New York"
"10577","New York"
"10579","New York"
"10705","New York"
"10710","New York"
"10911","New York"
"10914","New York"
"10920","New York"
"10931","New York"
"10933","New York"
"10953","New York"
"10975","New York"
"10998","New York"
"11040","New York"
"11204","New York"
"11212","New York"
"11361","New York"
"11415","New York"
"11426","New York"
"11427","New York"
"11435","New York"
"11549","New York"
"11550","New York"
"11556","New York"
"11570","New York"
"11590","New York"
"11598","New York"
"11692","New York"
"11701","New York"
"11704","New York"
"11751","New York"
"11753","New York"
"11763","New York"
"11768","New York"
"11769","New York"
"11777","New York"
"11792","New York"
"11933","New York"
"11955","New York"
"11959","New York"
"11975","New York"
"12008","New York"
"12022","New York"
"12027","New York"
"12028","New York"
"12072","New York"
"12092","New York"
"12093","New York"
"12106","New York"
"12115","New York"
"12175","New York"
"12207","New York"
"12420","New York"
"12423","New York"
"12432","New York"
"12443","New York"
"12461","New York"
"12487","New York"
"12491","New York"
"12501","New York"
"12515","New York"
"12528","New York"
"12565","New York"
"12580","New York"
"12604","New York"
"12701","New York"
"12733","New York"
"12738","New York"
"12741","New York"
"12762","New York"
"12779","New York"
"12780","New York"
"12783","New York"
"12816","New York"
"12823","New York"
"12844","New York"
"12860","New York"
"12862","New York"
"12865","New York"
"12872","New York"
"12878","New York"
"12919","New York"
"12924","New York"
"12927","New York"
"12942","New York"
"12943","New York"
"12966","New York"
"12970","New York"
"12972","New York"
"12975","New York"
"12978","New York"
"12986","New York"
"12992","New York"
"12997","New York"
"12998","New York"
"13020","New York"
"13026","New York"
"13061","New York"
"13068","New York"
"13074","New York"
"13076","New York"
"13102","New York"
"13108","New York"
"13124","New York"
"13140","New York"
"13145","New York"
"13156","New York"
"13207","New York"
"13209","New York"
"13304","New York"
"13319","New York"
"13337","New York"
"13352","New York"
"13409","New York"
"13475","New York"
"13494","New York"
"13502","New York"
"13605","New York"
"13615","New York"
"13619","New York"
"13621","New York"
"13648","New York"
"13695","New York"
"13739","New York"
"13744","New York"
"13807","New York"
"13811","New York"
"13830","New York"
"13839","New York"
"14041","New York"
"14058","New York"
"14075","New York"
"14085","New York"
"14125","New York"
"14129","New York"
"14211","New York"
"14218","New York"
"14225","New York"
"14413","New York"
"14414","New York"
"14415","New York"
"14469","New York"
"14477","New York"
"14522","New York"
"14532","New York"
"14536","New York"
"14572","New York"
"14585","New York"
"14588","New York"
"14613","New York"
"14621","New York"
"14625","New York"
"14708","New York"
"14729","New York"
"14735","New York"
"14736","New York"
"14802","New York"
"14814","New York"
"14817","New York"
"14827","New York"
"14830","New York"
"14850","New York"
"14871","New York"
"15001","Pennsylvania"
"15003","Pennsylvania"
"15007","Pennsylvania"
"15035","Pennsylvania"
"15064","Pennsylvania"
"15116","Pennsylvania"
"15142","Pennsylvania"
"15143","Pennsylvania"
"15211","Pennsylvania"
"15213","Pennsylvania"
"15236","Pennsylvania"
"15239","Pennsylvania"
"15301","Pennsylvania"
"15322","Pennsylvania"
"15323","Pennsylvania"
"15325","Pennsylvania"
"15352","Pennsylvania"
"15370","Pennsylvania"
"15379","Pennsylvania"
"15380","Pennsylvania"
"15423","Pennsylvania"
"15445","Pennsylvania"
"15448","Pennsylvania"
"15483","Pennsylvania"
"15521","Pennsylvania"
"15530","Pennsylvania"
"15535","Pennsylvania"
"15560","Pennsylvania"
"15633","Pennsylvania"
"15673","Pennsylvania"
"15676","Pennsylvania"
"15677","Pennsylvania"
"15690","Pennsylvania"
"15742","Pennsylvania"
"15754","Pennsylvania"
"15779","Pennsylvania"
"15780","Pennsylvania"
"15827","Pennsylvania"
"15828","Pennsylvania"
"15848","Pennsylvania"
"15925","Pennsylvania"
"15926","Pennsylvania"
"15946","Pennsylvania"
"16020","Pennsylvania"
"16022","Pennsylvania"
"16066","Pennsylvania"
"16102","Pennsylvania"
"16140","Pennsylvania"
"16150","Pennsylvania"
"16157","Pennsylvania"
"16214","Pennsylvania"
"16226","Pennsylvania"
"16239","Pennsylvania"
"16323","Pennsylvania"
"16328","Pennsylvania"
"16331","Pennsylvania"
"16354","Pennsylvania"
"16360","Pennsylvania"
"16411","Pennsylvania"
"16416","Pennsylvania"
"16434","Pennsylvania"
"16601","Pennsylvania"
"16631","Pennsylvania"
"16634","Pennsylvania"
"16647","Pennsylvania"
"16661","Pennsylvania"
"16670","Pennsylvania"
"16674","Pennsylvania"
"16677","Pennsylvania"
"16680","Pennsylvania"
"16682","Pennsylvania"
"16686","Pennsylvania"
"16691","Pennsylvania"
"16726","Pennsylvania"
"16731","Pennsylvania"
"16746","Pennsylvania"
"16821","Pennsylvania"
"16836","Pennsylvania"
"16858","Pennsylvania"
"16874","Pennsylvania"
"16911","Pennsylvania"
"16912","Pennsylvania"
"16922","Pennsylvania"
"16943","Pennsylvania"
"16947","Pennsylvania"
"17007","Pennsylvania"
"17019","Pennsylvania"
"17025","Pennsylvania"
"17028","Pennsylvania"
"17043","Pennsylvania"
"17103","Pennsylvania"
"17213","Pennsylvania"
"17266","Pennsylvania"
"17315","Pennsylvania"
"17347","Pennsylvania"
"17350","Pennsylvania"
"17352","Pennsylvania"
"17372","Pennsylvania"
"17578","Pennsylvania"
"17584","Pennsylvania"
"17606","Pennsylvania"
"17729","Pennsylvania"
"17742","Pennsylvania"
"17814","Pennsylvania"
"17855","Pennsylvania"
"17865","Pennsylvania"
"17921","Pennsylvania"
"17960","Pennsylvania"
"17978","Pennsylvania"
"18054","Pennsylvania"
"18058","Pennsylvania"
"18081","Pennsylvania"
"18092","Pennsylvania"
"18101","Pennsylvania"
"18216","Pennsylvania"
"18223","Pennsylvania"
"18225","Pennsylvania"
"18330","Pennsylvania"
"18343","Pennsylvania"
"18415","Pennsylvania"
"18447","Pennsylvania"
"18453","Pennsylvania"
"18469","Pennsylvania"
"18470","Pennsylvania"
"18471","Pennsylvania"
"18509","Pennsylvania"
"18510","Pennsylvania"
"18625","Pennsylvania"
"18707","Pennsylvania"
"18810","Pennsylvania"
"18828","Pennsylvania"
"18846","Pennsylvania"
"19007","Pennsylvania"
"19023","Pennsylvania"
"19027","Pennsylvania"
"19032","Pennsylvania"
"19066","Pennsylvania"
"19075","Pennsylvania"
"19086","Pennsylvania"
"19090","Pennsylvania"
"19120","Pennsylvania"
"19129","Pennsylvania"
"19133","Pennsylvania"
"19143","Pennsylvania"
"19148","Pennsylvania"
"19319","Pennsylvania"
"19352","Pennsylvania"
"19373","Pennsylvania"
"19383","Pennsylvania"
"19436","Pennsylvania"
"19440","Pennsylvania"
"19446","Pennsylvania"
"19508","Pennsylvania"
"19510","Pennsylvania"
"19536","Pennsylvania"
"19547","Pennsylvania"
"19562","Pennsylvania"
"19564","Pennsylvania"
"19604","Pennsylvania"
"19610","Pennsylvania"
"19731","Delaware"
"19736","Delaware"
"19809","Delaware"
"19950","Delaware"
"19953","Delaware"
"19960","Delaware"
"19962","Delaware"
"19973","Delaware"
"20015","District of Columbia"
"20016","District of Columbia"
"20017","District of Columbia"
"20111","Virginia"
"20124","Virginia"
"20144","Virginia"
"20155","Virginia"
"20176","Virginia"
"20197","Virginia"
"20220","District of Columbia"
"20535","District of Columbia"
"20540","District of Columbia"
"20636","Maryland"
"20646","Maryland"
"20675","Maryland"
"20677","Maryland"
"20684","Maryland"
"20722","Maryland"
"20723","Maryland"
"20732","Maryland"
"20742","Maryland"
"20779","Maryland"
"20782","Maryland"
"20879","Maryland"
"20901","Maryland"
"20903","Maryland"
"21010","Maryland"
"21013","Maryland"
"21015","Maryland"
"21075","Maryland"
"21130","Maryland"
"21132","Maryland"
"21133","Maryland"
"21144","Maryland"
"21146","Maryland"
"21157","Maryland"
"21212","Maryland"
"21227","Maryland"
"21230","Maryland"
"21401","Maryland"
"21402","Maryland"
"21531","Maryland"
"21622","Maryland"
"21629","Maryland"
"21638","Maryland"
"21639","Maryland"
"21640","Maryland"
"21705","Maryland"
"21714","Maryland"
"21733","Maryland"
"21756","Maryland"
"21762","Maryland"
"21780","Maryland"
"21787","Maryland"
"21814","Maryland"
"21824","Maryland"
"21850","Maryland"
"21872","Maryland"
"21902","Maryland"
"21904","Maryland"
"21914","Maryland"
"21918","Maryland"
"21921","Maryland"
"22032","Virginia"
"22124","Virginia"
"22193","Virginia"
"22211","Virginia"
"22304","Virginia"
"22405","Virginia"
"22427","Virginia"
"22504","Virginia"
"22508","Virginia"
"22551","Virginia"
"22553","Virginia"
"22624","Virginia"
"22749","Virginia"
"22810","Virginia"
"22842","Virginia"
"22903","Virginia"
"22908","Virginia"
"22938","Virginia"
"22940","Virginia"
"22942","Virginia"
"22968","Virginia"
"23002","Virginia"
"23025","Virginia"
"23032","Virginia"
"23035","Virginia"
"23039","Virginia"
"23050","Virginia"
"23065","Virginia"
"23081","Virginia"
"23084","Virginia"
"23108","Virginia"
"23113","Virginia"
"23119","Virginia"
"23123","Virginia"
"23150","Virginia"
"23153","Virginia"
"23168","Virginia"
"23224","Virginia"
"23233","Virginia"
"23307","Virginia"
"23350","Virginia"
"23395","Virginia"
"23408","Virginia"
"23413","Virginia"
"23416","Virginia"
"23423","Virginia"
"23430","Virginia"
"23432","Virginia"
"23441","Virginia"
"23459","Virginia"
"23502","Virginia"
"23668","Virginia"
"23701","Virginia"
"23828","Virginia"
"23836","Virginia"
"23839","Virginia"
"23841","Virginia"
"23885","Virginia"
"23889","Virginia"
"23891","Virginia"
"23934","Virginia"
"23937","Virginia"
"23944","Virginia"
"24072","Virginia"
"24088","Virginia"
"24095","Virginia"
"24122","Virginia"
"24137","Virginia"
"24148","Virginia"
"24151","Virginia"
"24176","Virginia"
"24184","Virginia"
"24216","Virginia"
"24225","Virginia"
"24244","Virginia"
"24263","Virginia"
"24265","Virginia"
"24270","Virginia"
"24282","Virginia"
"24292","Virginia"
"24301","Virginia"
"24325","Virginia"
"24360","Virginia"
"24363","Virginia"
"24413","Virginia"
"24416","Virginia"
"24435","Virginia"
"24437","Virginia"
"24448","Virginia"
"24479","Virginia"
"24540","Virginia"
"24550","Virginia"
"24556","Virginia"
"24586","Virginia"
"24588","Virginia"
"24609","Virginia"
"24612","Virginia"
"24646","Virginia"
"24719","West Virginia"
"24808","West Virginia"
"24822","West Virginia"
"24830","West Virginia"
"24834","West Virginia"
"24845","West Virginia"
"24848","West Virginia"
"24884","West Virginia"
"24925","West Virginia"
"25003","West Virginia"
"25008","West Virginia"
"25011","West Virginia"
"25031","West Virginia"
"25033","West Virginia"
"25059","West Virginia"
"25071","West Virginia"
"25085","West Virginia"
"25107","West Virginia"
"25112","West Virginia"
"25125","West Virginia"
"25134","West Virginia"
"25141","West Virginia"
"25152","West Virginia"
"25162","West Virginia"
"25177","West Virginia"
"25180","West Virginia"
"25183","West Virginia"
"25241","West Virginia"
"25252","West Virginia"
"25253","West Virginia"
"25262","West Virginia"
"25270","West Virginia"
"25276","West Virginia"
"25311","West Virginia"
"25314","West Virginia"
"25401","West Virginia"
"25427","West Virginia"
"25430","West Virginia"
"25431","West Virginia"
"25432","West Virginia"
"25555","West Virginia"
"25571","West Virginia"
"25601","West Virginia"
"25617","West Virginia"
"25639","West Virginia"
"25669","West Virginia"
"25672","West Virginia"
"25678","West Virginia"
"25690","West Virginia"
"25813","West Virginia"
"25845","West Virginia"
"25862","West Virginia"
"25878","West Virginia"
"25901","West Virginia"
"25932","West Virginia"
"26041","West Virginia"
"26104","West Virginia"
"26155","West Virginia"
"26187","West Virginia"
"26209","West Virginia"
"26253","West Virginia"
"26264","West Virginia"
"26362","West Virginia"
"26410","West Virginia"
"26425","West Virginia"
"26436","West Virginia"
"26519","West Virginia"
"26541","West Virginia"
"26562","West Virginia"
"26629","West Virginia"
"26680","West Virginia"
"26690","West Virginia"
"26804","West Virginia"
"26852","West Virginia"
"26855","West Virginia"
"26866","West Virginia"
"27042","North Carolina"
"27209","North Carolina"
"27249","North Carolina"
"27252","North Carolina"
"27253","North Carolina"
"27298","North Carolina"
"27299","North Carolina"
"27310","North Carolina"
"27405","North Carolina"
"27409","North Carolina"
"27412","North Carolina"
"27509","North Carolina"
"27529","North Carolina"
"27531","North Carolina"
"27572","North Carolina"
"27584","North Carolina"
"27591","North Carolina"
"27603","North Carolina"
"27604","North Carolina"
"27697","North Carolina"
"27801","North Carolina"
"27806","North Carolina"
"27825","North Carolina"
"27843","North Carolina"
"27847","North Carolina"
"27849","North Carolina"
"27881","North Carolina"
"27946","North Carolina"
"27948","North Carolina"
"27954","North Carolina"
"27957","North Carolina"
"27960","North Carolina"
"27965","North Carolina"
"28001","North Carolina"
"28007","North Carolina"
"28031","North Carolina"
"28033","North Carolina"
"28041","North Carolina"
"28042","North Carolina"
"28054","North Carolina"
"28071","North Carolina"
"28075","North Carolina"
"28083","North Carolina"
"28088","North Carolina"
"28110","North Carolina"
"28115","North Carolina"
"28146","North Carolina"
"28203","North Carolina"
"28210","North Carolina"
"28214","North Carolina"
"28215","North Carolina"
"28216","North Carolina"
"28325","North Carolina"
"28326","North Carolina"
"28345","North Carolina"
"28349","North Carolina"
"28355","North Carolina"
"28362","North Carolina"
"28373","North Carolina"
"28405","North Carolina"
"28423","North Carolina"
"28479","North Carolina"
"28511","North Carolina"
"28515","North Carolina"
"28519","North Carolina"
"28521","North Carolina"
"28540","North Carolina"
"28547","North Carolina"
"28574","North Carolina"
"28580","North Carolina"
"28601","North Carolina"
"28605","North Carolina"
"28609","North Carolina"
"28610","North Carolina"
"28630","North Carolina"
"28636","North Carolina"
"28638","North Carolina"
"28641","North Carolina"
"28670","North Carolina"
"28681","North Carolina"
"28683","North Carolina"
"28693","North Carolina"
"28712","North Carolina"
"28715","North Carolina"
"28720","North Carolina"
"28730","North Carolina"
"28747","North Carolina"
"28761","North Carolina"
"28786","North Carolina"
"28788","North Carolina"
"28901","North Carolina"
"28909","North Carolina"
"29014","South Carolina"
"29054","South Carolina"
"29055","South Carolina"
"29074","South Carolina"
"29125","South Carolina"
"29146","South Carolina"
"29205","South Carolina"
"29209","South Carolina"
"29316","South Carolina"
"29332","South Carolina"
"29355","South Carolina"
"29377","South Carolina"
"29426","South Carolina"
"29434","South Carolina"
"29455","South Carolina"
"29456","South Carolina"
"29458","South Carolina"
"29613","South Carolina"
"29638","South Carolina"
"29693","South Carolina"
"29708","South Carolina"
"29720","South Carolina"
"29803","South Carolina"
"29816","South Carolina"
"29832","South Carolina"
"29834","South Carolina"
"29851","South Carolina"
"29910","South Carolina"
"29941","South Carolina"
"30062","Georgia"
"30132","Georgia"
"30134","Georgia"
"30144","Georgia"
"30149","Georgia"
"30178","Georgia"
"30189","Georgia"
"30214","Georgia"
"30265","Georgia"
"30273","Georgia"
"30294","Georgia"
"30322","Georgia"
"30326","Georgia"
"30354","Georgia"
"30360","Georgia"
"30448","Georgia"
"30452","Georgia"
"30455","Georgia"
"30456","Georgia"
"30504","Georgia"
"30537","Georgia"
"30572","Georgia"
"30655","Georgia"
"30660","Georgia"
"30677","Georgia"
"30683","Georgia"
"30726","Georgia"
"30736","Georgia"
"30750","Georgia"
"30828","Georgia"
"30830","Georgia"
"30904","Georgia"
"30912","Georgia"
"31030","Georgia"
"31063","Georgia"
"31076","Georgia"
"31092","Georgia"
"31093","Georgia"
"31213","Georgia"
"31324","Georgia"
"31405","Georgia"
"31525","Georgia"
"31547","Georgia"
"31602","Georgia"
"31634","Georgia"
"31642","Georgia"
"31705","Georgia"
"31714","Georgia"
"31747","Georgia"
"31750","Georgia"
"31768","Georgia"
"31773","Georgia"
"31775","Georgia"
"31788","Georgia"
"31789","Georgia"
"31792","Georgia"
"31832","Georgia"
"31901","Georgia"
"32034","Florida"
"32038","Florida"
"32052","Florida"
"32053","Florida"
"32071","Florida"
"32073","Florida"
"32079","Florida"
"32159","Florida"
"32174","Florida"
"32176","Florida"
"32189","Florida"
"32205","Florida"
"32208","Florida"
"32228","Florida"
"32250","Florida"
"32312","Florida"
"32351","Florida"
"32359","Florida"
"32432","Florida"
"32445","Florida"
"32502","Florida"
"32511","Florida"
"32530","Florida"
"32568","Florida"
"32605","Florida"
"32606","Florida"
"32615","Florida"
"32616","Florida"
"32625","Florida"
"32643","Florida"
"32664","Florida"
"32701","Florida"
"32819","Florida"
"32822","Florida"
"32826","Florida"
"32827","Florida"
"32905","Florida"
"32907","Florida"
"32926","Florida"
"32927","Florida"
"32953","Florida"
"32959","Florida"
"32967","Florida"
"33015","Florida"
"33018","Florida"
"33023","Florida"
"33027","Florida"
"33063","Florida"
"33067","Florida"
"33125","Florida"
"33145","Florida"
"33158","Florida"
"33182","Florida"
"33411","Florida"
"33412","Florida"
"33431","Florida"
"33434","Florida"
"33449","Florida"
"33462","Florida"
"33484","Florida"
"33510","Florida"
"33607","Florida"
"33613","Florida"
"33619","Florida"
"33624","Florida"
"33625","Florida"
"33767","Florida"
"33772","Florida"
"33782","Florida"
"33840","Florida"
"33922","Florida"
"33981","Florida"
"34201","Florida"
"34208","Florida"
"34212","Florida"
"34216","Florida"
"34219","Florida"
"34238","Florida"
"34472","Florida"
"34473","Florida"
"34491","Florida"
"34606","Florida"
"34610","Florida"
"34639","Florida"
"34653","Florida"
"34688","Florida"
"34695","Florida"
"34698","Florida"
"34705","Florida"
"34715","Florida"
"34756","Florida"
"34772","Florida"
"34946","Florida"
"34949","Florida"
"34972","Florida"
"34982","Florida"
"35019","Alabama"
"35073","Alabama"
"35087","Alabama"
"35091","Alabama"
"35160","Alabama"
"35172","Alabama"
"35186","Alabama"
"35188","Alabama"
"35229","Alabama"
"35233","Alabama"
"35243","Alabama"
"35406","Alabama"
"35441","Alabama"
"35452","Alabama"
"35459","Alabama"
"35460","Alabama"
"35501","Alabama"
"35544","Alabama"
"35545","Alabama"
"35552","Alabama"
"35581","Alabama"
"35585","Alabama"
"35618","Alabama"
"35622","Alabama"
"35654","Alabama"
"35672","Alabama"
"35745","Alabama"
"35773","Alabama"
"35901","Alabama"
"35906","Alabama"
"35953","Alabama"
"35984","Alabama"
"35988","Alabama"
"35989","Alabama"
"36006","Alabama"
"36037","Alabama"
"36039","Alabama"
"36042","Alabama"
"36054","Alabama"
"36066","Alabama"
"36101","Alabama"
"36117","Alabama"
"36130","Alabama"
"36205","Alabama"
"36263","Alabama"
"36277","Alabama"
"36314","Alabama"
"36370","Alabama"
"36435","Alabama"
"36474","Alabama"
"36527","Alabama"
"36548","Alabama"
"36559","Alabama"
"36579","Alabama"
"36587","Alabama"
"36611","Alabama"
"36701","Alabama"
"36766","Alabama"
"36784","Alabama"
"36832","Alabama"
"36851","Alabama"
"36855","Alabama"
"36919","Alabama"
"37010","Tennessee"
"37026","Tennessee"
"37031","Tennessee"
"37074","Tennessee"
"37122","Tennessee"
"37128","Tennessee"
"37143","Tennessee"
"37201","Tennessee"
"37206","Tennessee"
"37232","Tennessee"
"37303","Tennessee"
"37309","Tennessee"
"37328","Tennessee"
"37335","Tennessee"
"37337","Tennessee"
"37345","Tennessee"
"37359","Tennessee"
"37396","Tennessee"
"37411","Tennessee"
"37421","Tennessee"
"37641","Tennessee"
"37657","Tennessee"
"37690","Tennessee"
"37705","Tennessee"
"37722","Tennessee"
"37732","Tennessee"
"37801","Tennessee"
"37810","Tennessee"
"37849","Tennessee"
"37865","Tennessee"
"37871","Tennessee"
"37881","Tennessee"
"37892","Tennessee"
"37921","Tennessee"
"37929","Tennessee"
"38016","Tennessee"
"38017","Tennessee"
"38021","Tennessee"
"38053","Tennessee"
"38066","Tennessee"
"38104","Tennessee"
"38106","Tennessee"
"38114","Tennessee"
"38128","Tennessee"
"38134","Tennessee"
"38135","Tennessee"
"38251","Tennessee"
"38258","Tennessee"
"38327","Tennessee"
"38339","Tennessee"
"38345","Tennessee"
"38368","Tennessee"
"38371","Tennessee"
"38473","Tennessee"
"38541","Tennessee"
"38568","Tennessee"
"38601","Mississippi"
"38611","Mississippi"
"38614","Mississippi"
"38620","Mississippi"
"38622","Mississippi"
"38631","Mississippi"
"38632","Mississippi"
"38641","Mississippi"
"38723","Mississippi"
"38744","Mississippi"
"38769","Mississippi"
"38827","Mississippi"
"38846","Mississippi"
"38920","Mississippi"
"38921","Mississippi"
"38923","Mississippi"
"38924","Mississippi"
"38927","Mississippi"
"38966","Mississippi"
"39061","Mississippi"
"39082","Mississippi"
"39090","Mississippi"
"39096","Mississippi"
"39110","Mississippi"
"39116","Mississippi"
"39324","Mississippi"
"39335","Mississippi"
"39406","Mississippi"
"39466","Mississippi"
"39477","Mississippi"
"39480","Mississippi"
"39529","Mississippi"
"39556","Mississippi"
"39562","Mississippi"
"39572","Mississippi"
"39573","Mississippi"
"39574","Mississippi"
"39641","Mississippi"
"39647","Mississippi"
"39648","Mississippi"
"39664","Mississippi"
"39665","Mississippi"
"39701","Mississippi"
"39705","Mississippi"
"39740","Mississippi"
"39741","Mississippi"
"39744","Mississippi"
"39750","Mississippi"
"39759","Mississippi"
"39769","Mississippi"
"39771","Mississippi"
"39825","Georgia"
"39827","Georgia"
"39832","Georgia"
"39854","Georgia"
"40013","Kentucky"
"40049","Kentucky"
"40055","Kentucky"
"40060","Kentucky"
"40076","Kentucky"
"40175","Kentucky"
"40178","Kentucky"
"40215","Kentucky"
"40220","Kentucky"
"40245","Kentucky"
"40258","Kentucky"
"40291","Kentucky"
"40313","Kentucky"
"40342","Kentucky"
"40444","Kentucky"
"40464","Kentucky"
"40484","Kentucky"
"40536","Kentucky"
"40820","Kentucky"
"40906","Kentucky"
"40913","Kentucky"
"40943","Kentucky"
"41004","Kentucky"
"41011","Kentucky"
"41014","Kentucky"
"41094","Kentucky"
"41146","Kentucky"
"41159","Kentucky"
"41181","Kentucky"
"41339","Kentucky"
"41528","Kentucky"
"41572","Kentucky"
"41636","Kentucky"
"41667","Kentucky"
"41714","Kentucky"
"41735","Kentucky"
"41746","Kentucky"
"41749","Kentucky"
"41766","Kentucky"
"41774","Kentucky"
"41777","Kentucky"
"41834","Kentucky"
"41844","Kentucky"
"42021","Kentucky"
"42031","Kentucky"
"42047","Kentucky"
"42066","Kentucky"
"42078","Kentucky"
"42081","Kentucky"
"42124","Kentucky"
"42156","Kentucky"
"42252","Kentucky"
"42323","Kentucky"
"42326","Kentucky"
"42348","Kentucky"
"42355","Kentucky"
"42437","Kentucky"
"42553","Kentucky"
"42629","Kentucky"
"42718","Kentucky"
"42726","Kentucky"
"42728","Kentucky"
"42742","Kentucky"
"43025","Ohio"
"43037","Ohio"
"43062","Ohio"
"43065","Ohio"
"43068","Ohio"
"43074","Ohio"
"43076","Ohio"
"43119","Ohio"
"43123","Ohio"
"43146","Ohio"
"43148","Ohio"
"43205","Ohio"
"43224","Ohio"
"43232","Ohio"
"43302","Ohio"
"43322","Ohio"
"43334","Ohio"
"43336","Ohio"
"43341","Ohio"
"43402","Ohio"
"43434","Ohio"
"43440","Ohio"
"43443","Ohio"
"43456","Ohio"
"43506","Ohio"
"43520","Ohio"
"43535","Ohio"
"43619","Ohio"
"43723","Ohio"
"43747","Ohio"
"43821","Ohio"
"43843","Ohio"
"43903","Ohio"
"43928","Ohio"
"43931","Ohio"
"43932","Ohio"
"43940","Ohio"
"43943","Ohio"
"43964","Ohio"
"43967","Ohio"
"43983","Ohio"
"44021","Ohio"
"44024","Ohio"
"44040","Ohio"
"44044","Ohio"
"44052","Ohio"
"44077","Ohio"
"44084","Ohio"
"44104","Ohio"
"44109","Ohio"
"44124","Ohio"
"44130","Ohio"
"44146","Ohio"
"44224","Ohio"
"44288","Ohio"
"44302","Ohio"
"44308","Ohio"
"44312","Ohio"
"44313","Ohio"
"44410","Ohio"
"44428","Ohio"
"44442","Ohio"
"44470","Ohio"
"44483","Ohio"
"44506","Ohio"
"44608","Ohio"
"44624","Ohio"
"44641","Ohio"
"44643","Ohio"
"44670","Ohio"
"44710","Ohio"
"44802","Ohio"
"44807","Ohio"
"44822","Ohio"
"44866","Ohio"
"44874","Ohio"
"44878","Ohio"
"44901","Ohio"
"45068","Ohio"
"45069","Ohio"
"45140","Ohio"
"45160","Ohio"
"45176","Ohio"
"45211","Ohio"
"45218","Ohio"
"45223","Ohio"
"45232","Ohio"
"45306","Ohio"
"45316","Ohio"
"45326","Ohio"
"45345","Ohio"
"45365","Ohio"
"45403","Ohio"
"45404","Ohio"
"45424","Ohio"
"45469","Ohio"
"45617","Ohio"
"45644","Ohio"
"45652","Ohio"
"45657","Ohio"
"45661","Ohio"
"45735","Ohio"
"45744","Ohio"
"45767","Ohio"
"45804","Ohio"
"45813","Ohio"
"45822","Ohio"
"45835","Ohio"
"45836","Ohio"
"45849","Ohio"
"45866","Ohio"
"45867","Ohio"
"45868","Ohio"
"45869","Ohio"
"46013","Indiana"
"46034","Indiana"
"46076","Indiana"
"46103","Indiana"
"46184","Indiana"
"46216","Indiana"
"46234","Indiana"
"46236","Indiana"
"46290","Indiana"
"46307","Indiana"
"46374","Indiana"
"46403","Indiana"
"46501","Indiana"
"46513","Indiana"
"46570","Indiana"
"46573","Indiana"
"46580","Indiana"
"46590","Indiana"
"46615","Indiana"
"46635","Indiana"
"46731","Indiana"
"46741","Indiana"
"46747","Indiana"
"46760","Indiana"
"46779","Indiana"
"46781","Indiana"
"46807","Indiana"
"46809","Indiana"
"46816","Indiana"
"46913","Indiana"
"46923","Indiana"
"46943","Indiana"
"46959","Indiana"
"46987","Indiana"
"47025","Indiana"
"47031","Indiana"
"47167","Indiana"
"47220","Indiana"
"47273","Indiana"
"47282","Indiana"
"47302","Indiana"
"47334","Indiana"
"47346","Indiana"
"47368","Indiana"
"47371","Indiana"
"47380","Indiana"
"47383","Indiana"
"47392","Indiana"
"47424","Indiana"
"47438","Indiana"
"47471","Indiana"
"47519","Indiana"
"47522","Indiana"
"47532","Indiana"
"47535","Indiana"
"47551","Indiana"
"47573","Indiana"
"47579","Indiana"
"47584","Indiana"
"47613","Indiana"
"47619","Indiana"
"47634","Indiana"
"47639","Indiana"
"47649","Indiana"
"47666","Indiana"
"47842","Indiana"
"47845","Indiana"
"47863","Indiana"
"47880","Indiana"
"47884","Indiana"
"47904","Indiana"
"47928","Indiana"
"47933","Indiana"
"47964","Indiana"
"47965","Indiana"
"47966","Indiana"
"47967","Indiana"
"47992","Indiana"
"48027","Michigan"
"48047","Michigan"
"48062","Michigan"
"48063","Michigan"
"48076","Michigan"
"48101","Michigan"
"48103","Michigan"
"48109","Michigan"
"48126","Michigan"
"48127","Michigan"
"48150","Michigan"
"48169","Michigan"
"48184","Michigan"
"48312","Michigan"
"48362","Michigan"
"48401","Michigan"
"48414","Michigan"
"48416","Michigan"
"48427","Michigan"
"48437","Michigan"
"48457","Michigan"
"48461","Michigan"
"48469","Michigan"
"48472","Michigan"
"48475","Michigan"
"48502","Michigan"
"48610","Michigan"
"48636","Michigan"
"48649","Michigan"
"48650","Michigan"
"48661","Michigan"
"48705","Michigan"
"48732","Michigan"
"48746","Michigan"
"48755","Michigan"
"48756","Michigan"
"48817","Michigan"
"48820","Michigan"
"48831","Michigan"
"48859","Michigan"
"48860","Michigan"
"48889","Michigan"
"48933","Michigan"
"49004","Michigan"
"49048","Michigan"
"49052","Michigan"
"49058","Michigan"
"49064","Michigan"
"49066","Michigan"
"49073","Michigan"
"49080","Michigan"
"49082","Michigan"
"49089","Michigan"
"49099","Michigan"
"49111","Michigan"
"49113","Michigan"
"49224","Michigan"
"49230","Michigan"
"49267","Michigan"
"49301","Michigan"
"49307","Michigan"
"49331","Michigan"
"49424","Michigan"
"49452","Michigan"
"49509","Michigan"
"49525","Michigan"
"49612","Michigan"
"49620","Michigan"
"49627","Michigan"
"49650","Michigan"
"49651","Michigan"
"49663","Michigan"
"49696","Michigan"
"49717","Michigan"
"49733","Michigan"
"49765","Michigan"
"49791","Michigan"
"49795","Michigan"
"49802","Michigan"
"49833","Michigan"
"49836","Michigan"
"49858","Michigan"
"49881","Michigan"
"49885","Michigan"
"49893","Michigan"
"49908","Michigan"
"49917","Michigan"
"49922","Michigan"
"49942","Michigan"
"49961","Michigan"
"50005","Iowa"
"50007","Iowa"
"50008","Iowa"
"50023","Iowa"
"50042","Iowa"
"50061","Iowa"
"50078","Iowa"
"50107","Iowa"
"50110","Iowa"
"50117","Iowa"
"50141","Iowa"
"50150","Iowa"
"50152","Iowa"
"50156","Iowa"
"50237","Iowa"
"50240","Iowa"
"50248","Iowa"
"50255","Iowa"
"50322","Iowa"
"50420","Iowa"
"50427","Iowa"
"50432","Iowa"
"50439","Iowa"
"50449","Iowa"
"50517","Iowa"
"50529","Iowa"
"50540","Iowa"
"50567","Iowa"
"50569","Iowa"
"50579","Iowa"
"50582","Iowa"
"50592","Iowa"
"50594","Iowa"
"50599","Iowa"
"50606","Iowa"
"50621","Iowa"
"50635","Iowa"
"50641","Iowa"
"50642","Iowa"
"50651","Iowa"
"50681","Iowa"
"50682","Iowa"
"50833","Iowa"
"50836","Iowa"
"50847","Iowa"
"50859","Iowa"
"51004","Iowa"
"51005","Iowa"
"51007","Iowa"
"51010","Iowa"
"51024","Iowa"
"51046","Iowa"
"51048","Iowa"
"51232","Iowa"
"51333","Iowa"
"51342","Iowa"
"51357","Iowa"
"51431","Iowa"
"51444","Iowa"
"51449","Iowa"
"51458","Iowa"
"51459","Iowa"
"51460","Iowa"
"51526","Iowa"
"51530","Iowa"
"51557","Iowa"
"51565","Iowa"
"51636","Iowa"
"52030","Iowa"
"52044","Iowa"
"52076","Iowa"
"52140","Iowa"
"52157","Iowa"
"52164","Iowa"
"52212","Iowa"
"52237","Iowa"
"52240","Iowa"
"52242","Iowa"
"52309","Iowa"
"52327","Iowa"
"52334","Iowa"
"52351","Iowa"
"52355","Iowa"
"52537","Iowa"
"52566","Iowa"
"52568","Iowa"
"52571","Iowa"
"52581","Iowa"
"52583","Iowa"
"52586","Iowa"
"52601","Iowa"
"52620","Iowa"
"52626","Iowa"
"52637","Iowa"
"52641","Iowa"
"52645","Iowa"
"52659","Iowa"
"52720","Iowa"
"52761","Iowa"
"52772","Iowa"
"52776","Iowa"
"52802","Iowa"
"53003","Wisconsin"
"53032","Wisconsin"
"53074","Wisconsin"
"53083","Wisconsin"
"53090","Wisconsin"
"53093","Wisconsin"
"53120","Wisconsin"
"53139","Wisconsin"
"53184","Wisconsin"
"53218","Wisconsin"
"53223","Wisconsin"
"53226","Wisconsin"
"53227","Wisconsin"
"53295","Wisconsin"
"53510","Wisconsin"
"53515","Wisconsin"
"53536","Wisconsin"
"53566","Wisconsin"
"53570","Wisconsin"
"53572","Wisconsin"
"53581","Wisconsin"
"53590","Wisconsin"
"53711","Wisconsin"
"53717","Wisconsin"
"53821","Wisconsin"
"53825","Wisconsin"
"53922","Wisconsin"
"54025","Wisconsin"
"54082","Wisconsin"
"54106","Wisconsin"
"54107","Wisconsin"
"54121","Wisconsin"
"54129","Wisconsin"
"54137","Wisconsin"
"54170","Wisconsin"
"54207","Wisconsin"
"54246","Wisconsin"
"54420","Wisconsin"
"54424","Wisconsin"
"54456","Wisconsin"
"54471","Wisconsin"
"54515","Wisconsin"
"54524","Wisconsin"
"54538","Wisconsin"
"54552","Wisconsin"
"54619","Wisconsin"
"54652","Wisconsin"
"54654","Wisconsin"
"54666","Wisconsin"
"54669","Wisconsin"
"54722","Wisconsin"
"54739","Wisconsin"
"54750","Wisconsin"
"54824","Wisconsin"
"54829","Wisconsin"
"54841","Wisconsin"
"54876","Wisconsin"
"54888","Wisconsin"
"54932","Wisconsin"
"54947","Wisconsin"
"54948","Wisconsin"
"54950","Wisconsin"
"54963","Wisconsin"
"54964","Wisconsin"
"54978","Wisconsin"
"55008","Minnesota"
"55011","Minnesota"
"55025","Minnesota"
"55044","Minnesota"
"55073","Minnesota"
"55076","Minnesota"
"55082","Minnesota"
"55112","Minnesota"
"55123","Minnesota"
"55126","Minnesota"
"55310","Minnesota"
"55311","Minnesota"
"55312","Minnesota"
"55325","Minnesota"
"55329","Minnesota"
"55356","Minnesota"
"55362","Minnesota"
"55373","Minnesota"
"55408","Minnesota"
"55410","Minnesota"
"55423","Minnesota"
"55424","Minnesota"
"55431","Minnesota"
"55445","Minnesota"
"55603","Minnesota"
"55607","Minnesota"
"55615","Minnesota"
"55712","Minnesota"
"55723","Minnesota"
"55750","Minnesota"
"55814","Minnesota"
"55910","Minnesota"
"55921","Minnesota"
"55936","Minnesota"
"55946","Minnesota"
"55967","Minnesota"
"56026","Minnesota"
"56037","Minnesota"
"56039","Minnesota"
"56069","Minnesota"
"56072","Minnesota"
"56073","Minnesota"
"56087","Minnesota"
"56131","Minnesota"
"56132","Minnesota"
"56162","Minnesota"
"56241","Minnesota"
"56262","Minnesota"
"56293","Minnesota"
"56296","Minnesota"
"56312","Minnesota"
"56315","Minnesota"
"56326","Minnesota"
"56331","Minnesota"
"56357","Minnesota"
"56358","Minnesota"
"56381","Minnesota"
"56461","Minnesota"
"56466","Minnesota"
"56525","Minnesota"
"56544","Minnesota"
"56563","Minnesota"
"56580","Minnesota"
"56641","Minnesota"
"56654","Minnesota"
"56657","Minnesota"
"56666","Minnesota"
"56683","Minnesota"
"56684","Minnesota"
"56713","Minnesota"
"56720","Minnesota"
"56738","Minnesota"
"56763","Minnesota"
"57003","South Dakota"
"57029","South Dakota"
"57033","South Dakota"
"57052","South Dakota"
"57059","South Dakota"
"57066","South Dakota"
"57224","South Dakota"
"57225","South Dakota"
"57234","South Dakota"
"57243","South Dakota"
"57259","South Dakota"
"57261","South Dakota"
"57315","South Dakota"
"57321","South Dakota"
"57329","South Dakota"
"57341","South Dakota"
"57380","South Dakota"
"57437","South Dakota"
"57439","South Dakota"
"57446","South Dakota"
"57473","South Dakota"
"57541","South Dakota"
"57564","South Dakota"
"57580","South Dakota"
"57634","South Dakota"
"57640","South Dakota"
"57660","South Dakota"
"57706","South Dakota"
"57744","South Dakota"
"57745","South Dakota"
"58035","North Dakota"
"58068","North Dakota"
"58072","North Dakota"
"58078","North Dakota"
"58201","North Dakota"
"58202","North Dakota"
"58224","North Dakota"
"58225","North Dakota"
"58228","North Dakota"
"58240","North Dakota"
"58243","North Dakota"
"58260","North Dakota"
"58274","North Dakota"
"58318","North Dakota"
"58323","North Dakota"
"58324","North Dakota"
"58327","North Dakota"
"58365","North Dakota"
"58366","North Dakota"
"58380","North Dakota"
"58401","North Dakota"
"58492","North Dakota"
"58535","North Dakota"
"58571","North Dakota"
"58630","North Dakota"
"58655","North Dakota"
"58727","North Dakota"
"58733","North Dakota"
"58735","North Dakota"
"58744","North Dakota"
"58748","North Dakota"
"58775","North Dakota"
"58778","North Dakota"
"58779","North Dakota"
"58781","North Dakota"
"58788","North Dakota"
"58793","North Dakota"
"59003","Montana"
"59013","Montana"
"59031","Montana"
"59047","Montana"
"59062","Montana"
"59063","Montana"
"59064","Montana"
"59076","Montana"
"59082","Montana"
"59086","Montana"
"59089","Montana"
"59211","Montana"
"59241","Montana"
"59254","Montana"
"59322","Montana"
"59327","Montana"
"59414","Montana"
"59419","Montana"
"59421","Montana"
"59427","Montana"
"59461","Montana"
"59523","Montana"
"59527","Montana"
"59538","Montana"
"59640","Montana"
"59729","Montana"
"59735","Montana"
"59803","Montana"
"59830","Montana"
"59847","Montana"
"59853","Montana"
"59855","Montana"
"59866","Montana"
"59934","Montana"
"60012","Illinois"
"60029","Illinois"
"60047","Illinois"
"60050","Illinois"
"60064","Illinois"
"60070","Illinois"
"60073","Illinois"
"60087","Illinois"
"60088","Illinois"
"60093","Illinois"
"60098","Illinois"
"60102","Illinois"
"60103","Illinois"
"60107","Illinois"
"60110","Illinois"
"60112","Illinois"
"60135","Illinois"
"60169","Illinois"
"60171","Illinois"
"60185","Illinois"
"60406","Illinois"
"60407","Illinois"
"60409","Illinois"
"60424","Illinois"
"60445","Illinois"
"60447","Illinois"
"60479","Illinois"
"60512","Illinois"
"60530","Illinois"
"60607","Illinois"
"60611","Illinois"
"60629","Illinois"
"60639","Illinois"
"60643","Illinois"
"60644","Illinois"
"60655","Illinois"
"60921","Illinois"
"60932","Illinois"
"60934","Illinois"
"60942","Illinois"
"61008","Illinois"
"61047","Illinois"
"61052","Illinois"
"61067","Illinois"
"61243","Illinois"
"61323","Illinois"
"61336","Illinois"
"61337","Illinois"
"61344","Illinois"
"61350","Illinois"
"61358","Illinois"
"61418","Illinois"
"61449","Illinois"
"61471","Illinois"
"61473","Illinois"
"61501","Illinois"
"61520","Illinois"
"61525","Illinois"
"61542","Illinois"
"61616","Illinois"
"61733","Illinois"
"61735","Illinois"
"61747","Illinois"
"61769","Illinois"
"61812","Illinois"
"61873","Illinois"
"61914","Illinois"
"61929","Illinois"
"62011","Illinois"
"62017","Illinois"
"62019","Illinois"
"62030","Illinois"
"62034","Illinois"
"62051","Illinois"
"62088","Illinois"
"62203","Illinois"
"62217","Illinois"
"62225","Illinois"
"62233","Illinois"
"62236","Illinois"
"62343","Illinois"
"62477","Illinois"
"62480","Illinois"
"62517","Illinois"
"62523","Illinois"
"62530","Illinois"
"62550","Illinois"
"62572","Illinois"
"62661","Illinois"
"62712","Illinois"
"62812","Illinois"
"62827","Illinois"
"62860","Illinois"
"62867","Illinois"
"62874","Illinois"
"62892","Illinois"
"62894","Illinois"
"62896","Illinois"
"62924","Illinois"
"62928","Illinois"
"62974","Illinois"
"62984","Illinois"
"62998","Illinois"
"63030","Missouri"
"63034","Missouri"
"63045","Missouri"
"63051","Missouri"
"63052","Missouri"
"63053","Missouri"
"63071","Missouri"
"63077","Missouri"
"63080","Missouri"
"63084","Missouri"
"63104","Missouri"
"63105","Missouri"
"63115","Missouri"
"63120","Missouri"
"63127","Missouri"
"63133","Missouri"
"63339","Missouri"
"63347","Missouri"
"63362","Missouri"
"63382","Missouri"
"63390","Missouri"
"63435","Missouri"
"63451","Missouri"
"63454","Missouri"
"63456","Missouri"
"63465","Missouri"
"63473","Missouri"
"63530","Missouri"
"63539","Missouri"
"63629","Missouri"
"63645","Missouri"
"63656","Missouri"
"63673","Missouri"
"63747","Missouri"
"63751","Missouri"
"63823","Missouri"
"63830","Missouri"
"63845","Missouri"
"63848","Missouri"
"63855","Missouri"
"63857","Missouri"
"63866","Missouri"
"63869","Missouri"
"64035","Missouri"
"64062","Missouri"
"64071","Missouri"
"64081","Missouri"
"64097","Missouri"
"64098","Missouri"
"64113","Missouri"
"64119","Missouri"
"64130","Missouri"
"64147","Missouri"
"64401","Missouri"
"64420","Missouri"
"64426","Missouri"
"64438","Missouri"
"64455","Missouri"
"64477","Missouri"
"64480","Missouri"
"64483","Missouri"
"64485","Missouri"
"64491","Missouri"
"64494","Missouri"
"64498","Missouri"
"64504","Missouri"
"64624","Missouri"
"64639","Missouri"
"64642","Missouri"
"64651","Missouri"
"64667","Missouri"
"64673","Missouri"
"64748","Missouri"
"64776","Missouri"
"64790","Missouri"
"64840","Missouri"
"64868","Missouri"
"65013","Missouri"
"65059","Missouri"
"65079","Missouri"
"65080","Missouri"
"65085","Missouri"
"65201","Missouri"
"65329","Missouri"
"65330","Missouri"
"65354","Missouri"
"65461","Missouri"
"65484","Missouri"
"65605","Missouri"
"65633","Missouri"
"65649","Missouri"
"65658","Missouri"
"65674","Missouri"
"65686","Missouri"
"65704","Missouri"
"65714","Missouri"
"65715","Missouri"
"65721","Missouri"
"65730","Missouri"
"65732","Missouri"
"65744","Missouri"
"65746","Missouri"
"65772","Missouri"
"65785","Missouri"
"66008","Kansas"
"66012","Kansas"
"66025","Kansas"
"66040","Kansas"
"66112","Kansas"
"66205","Kansas"
"66218","Kansas"
"66224","Kansas"
"66423","Kansas"
"66424","Kansas"
"66438","Kansas"
"66442","Kansas"
"66516","Kansas"
"66523","Kansas"
"66546","Kansas"
"66548","Kansas"
"66606","Kansas"
"66609","Kansas"
"66616","Kansas"
"66714","Kansas"
"66717","Kansas"
"66740","Kansas"
"66754","Kansas"
"66755","Kansas"
"66769","Kansas"
"66839","Kansas"
"66859","Kansas"
"66935","Kansas"
"66938","Kansas"
"66949","Kansas"
"66966","Kansas"
"67019","Kansas"
"67036","Kansas"
"67056","Kansas"
"67060","Kansas"
"67103","Kansas"
"67155","Kansas"
"67159","Kansas"
"67213","Kansas"
"67219","Kansas"
"67423","Kansas"
"67467","Kansas"
"67473","Kansas"
"67501","Kansas"
"67505","Kansas"
"67519","Kansas"
"67566","Kansas"
"67601","Kansas"
"67642","Kansas"
"67646","Kansas"
"67656","Kansas"
"67657","Kansas"
"67731","Kansas"
"67744","Kansas"
"67834","Kansas"
"67836","Kansas"
"67837","Kansas"
"67839","Kansas"
"67849","Kansas"
"67853","Kansas"
"67868","Kansas"
"67879","Kansas"
"68004","Nebraska"
"68018","Nebraska"
"68022","Nebraska"
"68028","Nebraska"
"68055","Nebraska"
"68062","Nebraska"
"68063","Nebraska"
"68068","Nebraska"
"68105","Nebraska"
"68108","Nebraska"
"68130","Nebraska"
"68315","Nebraska"
"68316","Nebraska"
"68325","Nebraska"
"68335","Nebraska"
"68338","Nebraska"
"68423","Nebraska"
"68438","Nebraska"
"68439","Nebraska"
"68440","Nebraska"
"68444","Nebraska"
"68508","Nebraska"
"68520","Nebraska"
"68629","Nebraska"
"68648","Nebraska"
"68663","Nebraska"
"68667","Nebraska"
"68742","Nebraska"
"68745","Nebraska"
"68759","Nebraska"
"68778","Nebraska"
"68783","Nebraska"
"68817","Nebraska"
"68844","Nebraska"
"68882","Nebraska"
"68932","Nebraska"
"68956","Nebraska"
"68979","Nebraska"
"69023","Nebraska"
"69032","Nebraska"
"69037","Nebraska"
"69120","Nebraska"
"69128","Nebraska"
"69138","Nebraska"
"69147","Nebraska"
"69153","Nebraska"
"69219","Nebraska"
"69340","Nebraska"
"69350","Nebraska"
"69351","Nebraska"
"69358","Nebraska"
"70040","Louisiana"
"70084","Louisiana"
"70090","Louisiana"
"70091","Louisiana"
"70129","Louisiana"
"70341","Louisiana"
"70354","Louisiana"
"70359","Louisiana"
"70364","Louisiana"
"70402","Louisiana"
"70444","Louisiana"
"70461","Louisiana"
"70463","Louisiana"
"70464","Louisiana"
"70471","Louisiana"
"70501","Louisiana"
"70514","Louisiana"
"70526","Louisiana"
"70581","Louisiana"
"70582","Louisiana"
"70631","Louisiana"
"70650","Louisiana"
"70657","Louisiana"
"70660","Louisiana"
"70669","Louisiana"
"70737","Louisiana"
"70739","Louisiana"
"70760","Louisiana"
"70776","Louisiana"
"70782","Louisiana"
"70787","Louisiana"
"70805","Louisiana"
"71001","Louisiana"
"71007","Louisiana"
"71038","Louisiana"
"71075","Louisiana"
"71078","Louisiana"
"71223","Louisiana"
"71238","Louisiana"
"71260","Louisiana"
"71261","Louisiana"
"71263","Louisiana"
"71272","Louisiana"
"71276","Louisiana"
"71280","Louisiana"
"71282","Louisiana"
"71291","Louisiana"
"71345","Louisiana"
"71403","Louisiana"
"71441","Louisiana"
"71466","Louisiana"
"71468","Louisiana"
"71469","Louisiana"
"71654","Arkansas"
"71670","Arkansas"
"71740","Arkansas"
"71759","Arkansas"
"71764","Arkansas"
"71822","Arkansas"
"71835","Arkansas"
"71836","Arkansas"
"71841","Arkansas"
"71937","Arkansas"
"71958","Arkansas"
"72005","Arkansas"
"72012","Arkansas"
"72032","Arkansas"
"72042","Arkansas"
"72046","Arkansas"
"72055","Arkansas"
"72074","Arkansas"
"72118","Arkansas"
"72121","Arkansas"
"72123","Arkansas"
"72136","Arkansas"
"72179","Arkansas"
"72301","Arkansas"
"72330","Arkansas"
"72350","Arkansas"
"72364","Arkansas"
"72365","Arkansas"
"72394","Arkansas"
"72427","Arkansas"
"72428","Arkansas"
"72432","Arkansas"
"72444","Arkansas"
"72447","Arkansas"
"72450","Arkansas"
"72482","Arkansas"
"72501","Arkansas"
"72530","Arkansas"
"72534","Arkansas"
"72565","Arkansas"
"72571","Arkansas"
"72579","Arkansas"
"72583","Arkansas"
"72587","Arkansas"
"72626","Arkansas"
"72636","Arkansas"
"72658","Arkansas"
"72662","Arkansas"
"72669","Arkansas"
"72677","Arkansas"
"72683","Arkansas"
"72687","Arkansas"
"72704","Arkansas"
"72718","Arkansas"
"72758","Arkansas"
"72761","Arkansas"
"72829","Arkansas"
"72832","Arkansas"
"72846","Arkansas"
"72921","Arkansas"
"72933","Arkansas"
"72935","Arkansas"
"72947","Arkansas"
"73005","Oklahoma"
"73008","Oklahoma"
"73012","Oklahoma"
"73014","Oklahoma"
"73022","Oklahoma"
"73038","Oklahoma"
"73043","Oklahoma"
"73062","Oklahoma"
"73066","Oklahoma"
"73068","Oklahoma"
"73102","Oklahoma"
"73106","Oklahoma"
"73116","Oklahoma"
"73122","Oklahoma"
"73135","Oklahoma"
"73142","Oklahoma"
"73150","Oklahoma"
"73401","Oklahoma"
"73435","Oklahoma"
"73488","Oklahoma"
"73530","Oklahoma"
"73540","Oklahoma"
"73556","Oklahoma"
"73668","Oklahoma"
"73673","Oklahoma"
"73724","Oklahoma"
"73730","Oklahoma"
"73746","Oklahoma"
"73770","Oklahoma"
"73773","Oklahoma"
"73840","Oklahoma"
"73843","Oklahoma"
"73852","Oklahoma"
"74006","Oklahoma"
"74011","Oklahoma"
"74015","Oklahoma"
"74034","Oklahoma"
"74073","Oklahoma"
"74075","Oklahoma"
"74078","Oklahoma"
"74120","Oklahoma"
"74134","Oklahoma"
"74146","Oklahoma"
"74347","Oklahoma"
"74361","Oklahoma"
"74368","Oklahoma"
"74401","Oklahoma"
"74456","Oklahoma"
"74459","Oklahoma"
"74470","Oklahoma"
"74471","Oklahoma"
"74522","Oklahoma"
"74543","Oklahoma"
"74571","Oklahoma"
"74641","Oklahoma"
"74729","Oklahoma"
"75007","Texas"
"75050","Texas"
"75058","Texas"
"75069","Texas"
"75071","Texas"
"75090","Texas"
"75092","Texas"
"75094","Texas"
"75124","Texas"
"75160","Texas"
"75202","Texas"
"75226","Texas"
"75229","Texas"
"75251","Texas"
"75433","Texas"
"75436","Texas"
"75438","Texas"
"75439","Texas"
"75470","Texas"
"75472","Texas"
"75487","Texas"
"75491","Texas"
"75501","Texas"
"75560","Texas"
"75604","Texas"
"75605","Texas"
"75644","Texas"
"75651","Texas"
"75668","Texas"
"75670","Texas"
"75689","Texas"
"75692","Texas"
"75751","Texas"
"75778","Texas"
"75831","Texas"
"75859","Texas"
"75954","Texas"
"75975","Texas"
"76005","Texas"
"76011","Texas"
"76018","Texas"
"76022","Texas"
"76023","Texas"
"76073","Texas"
"76082","Texas"
"76086","Texas"
"76102","Texas"
"76107","Texas"
"76112","Texas"
"76225","Texas"
"76230","Texas"
"76233","Texas"
"76240","Texas"
"76247","Texas"
"76252","Texas"
"76259","Texas"
"76267","Texas"
"76310","Texas"
"76370","Texas"
"76402","Texas"
"76436","Texas"
"76439","Texas"
"76464","Texas"
"76466","Texas"
"76486","Texas"
"76539","Texas"
"76556","Texas"
"76578","Texas"
"76645","Texas"
"76654","Texas"
"76673","Texas"
"76690","Texas"
"76848","Texas"
"76901","Texas"
"77027","Texas"
"77032","Texas"
"77044","Texas"
"77064","Texas"
"77066","Texas"
"77075","Texas"
"77081","Texas"
"77083","Texas"
"77306","Texas"
"77336","Texas"
"77341","Texas"
"77346","Texas"
"77364","Texas"
"77371","Texas"
"77373","Texas"
"77407","Texas"
"77435","Texas"
"77444","Texas"
"77447","Texas"
"77461","Texas"
"77470","Texas"
"77493","Texas"
"77494","Texas"
"77541","Texas"
"77562","Texas"
"77583","Texas"
"77624","Texas"
"77664","Texas"
"77705","Texas"
"77708","Texas"
"77713","Texas"
"77808","Texas"
"77836","Texas"
"77855","Texas"
"77856","Texas"
"77863","Texas"
"77868","Texas"
"77871","Texas"
"77879","Texas"
"77882","Texas"
"77905","Texas"
"77987","Texas"
"77991","Texas"
"78001","Texas"
"78010","Texas"
"78011","Texas"
"78058","Texas"
"78069","Texas"
"78118","Texas"
"78125","Texas"
"78132","Texas"
"78148","Texas"
"78202","Texas"
"78205","Texas"
"78225","Texas"
"78237","Texas"
"78238","Texas"
"78239","Texas"
"78258","Texas"
"78260","Texas"
"78340","Texas"
"78341","Texas"
"78362","Texas"
"78373","Texas"
"78389","Texas"
"78407","Texas"
"78501","Texas"
"78521","Texas"
"78540","Texas"
"78545","Texas"
"78550","Texas"
"78558","Texas"
"78562","Texas"
"78583","Texas"
"78588","Texas"
"78606","Texas"
"78629","Texas"
"78639","Texas"
"78662","Texas"
"78721","Texas"
"78730","Texas"
"78741","Texas"
"78746","Texas"
"78802","Texas"
"78840","Texas"
"78852","Texas"
"79013","Texas"
"79016","Texas"
"79024","Texas"
"79027","Texas"
"79036","Texas"
"79041","Texas"
"79073","Texas"
"79109","Texas"
"79111","Texas"
"79258","Texas"
"79312","Texas"
"79324","Texas"
"79403","Texas"
"79528","Texas"
"79530","Texas"
"79538","Texas"
"79541","Texas"
"79548","Texas"
"79561","Texas"
"79606","Texas"
"79706","Texas"
"79719","Texas"
"79739","Texas"
"79749","Texas"
"79754","Texas"
"79837","Texas"
"79843","Texas"
"79851","Texas"
"79855","Texas"
"79901","Texas"
"79916","Texas"
"80016","Colorado"
"80021","Colorado"
"80026","Colorado"
"80128","Colorado"
"80210","Colorado"
"80214","Colorado"
"80222","Colorado"
"80224","Colorado"
"80230","Colorado"
"80235","Colorado"
"80236","Colorado"
"80303","Colorado"
"80434","Colorado"
"80480","Colorado"
"80482","Colorado"
"80536","Colorado"
"80540","Colorado"
"80542","Colorado"
"80620","Colorado"
"80721","Colorado"
"80743","Colorado"
"80754","Colorado"
"80824","Colorado"
"80829","Colorado"
"80862","Colorado"
"80864","Colorado"
"80939","Colorado"
"81030","Colorado"
"81054","Colorado"
"81058","Colorado"
"81081","Colorado"
"81144","Colorado"
"81146","Colorado"
"81212","Colorado"
"81239","Colorado"
"81323","Colorado"
"81324","Colorado"
"81432","Colorado"
"81501","Colorado"
"81521","Colorado"
"81633","Colorado"
"81646","Colorado"
"81647","Colorado"
"82243","Wyoming"
"82321","Wyoming"
"82421","Wyoming"
"82630","Wyoming"
"82635","Wyoming"
"82648","Wyoming"
"82712","Wyoming"
"82720","Wyoming"
"82832","Wyoming"
"82837","Wyoming"
"82845","Wyoming"
"82933","Wyoming"
"82939","Wyoming"
"83025","Wyoming"
"83119","Wyoming"
"83124","Wyoming"
"83202","Idaho"
"83209","Idaho"
"83218","Idaho"
"83255","Idaho"
"83281","Idaho"
"83318","Idaho"
"83322","Idaho"
"83337","Idaho"
"83353","Idaho"
"83354","Idaho"
"83402","Idaho"
"83414","Wyoming"
"83425","Idaho"
"83448","Idaho"
"83462","Idaho"
"83468","Idaho"
"83520","Idaho"
"83604","Idaho"
"83605","Idaho"
"83628","Idaho"
"83632","Idaho"
"83639","Idaho"
"83670","Idaho"
"83686","Idaho"
"83806","Idaho"
"83823","Idaho"
"83866","Idaho"
"83867","Idaho"
"83872","Idaho"
"84010","Utah"
"84017","Utah"
"84033","Utah"
"84039","Utah"
"84041","Utah"
"84045","Utah"
"84050","Utah"
"84060","Utah"
"84063","Utah"
"84074","Utah"
"84104","Utah"
"84123","Utah"
"84129","Utah"
"84307","Utah"
"84331","Utah"
"84404","Utah"
"84405","Utah"
"84623","Utah"
"84633","Utah"
"84646","Utah"
"84648","Utah"
"84723","Utah"
"84734","Utah"
"84745","Utah"
"84746","Utah"
"85006","Arizona"
"85007","Arizona"
"85017","Arizona"
"85037","Arizona"
"85083","Arizona"
"85131","Arizona"
"85143","Arizona"
"85226","Arizona"
"85254","Arizona"
"85255","Arizona"
"85321","Arizona"
"85326","Arizona"
"85335","Arizona"
"85353","Arizona"
"85387","Arizona"
"85535","Arizona"
"85539","Arizona"
"85544","Arizona"
"85554","Arizona"
"85610","Arizona"
"85611","Arizona"
"85620","Arizona"
"85626","Arizona"
"85746","Arizona"
"85755","Arizona"
"85932","Arizona"
"85940","Arizona"
"86030","Arizona"
"86038","Arizona"
"86044","Arizona"
"86045","Arizona"
"86331","Arizona"
"86337","Arizona"
"86343","Arizona"
"86434","Arizona"
"86442","Arizona"
"86540","Arizona"
"86544","Arizona"
"86547","Arizona"
"87002","New Mexico"
"87014","New Mexico"
"87015","New Mexico"
"87023","New Mexico"
"87122","New Mexico"
"87322","New Mexico"
"87347","New Mexico"
"87357","New Mexico"
"87506","New Mexico"
"87535","New Mexico"
"87540","New Mexico"
"87543","New Mexico"
"87722","New Mexico"
"87730","New Mexico"
"87736","New Mexico"
"87742","New Mexico"
"87753","New Mexico"
"87821","New Mexico"
"87829","New Mexico"
"87832","New Mexico"
"87935","New Mexico"
"88028","New Mexico"
"88049","New Mexico"
"88113","New Mexico"
"88119","New Mexico"
"88124","New Mexico"
"88232","New Mexico"
"88254","New Mexico"
"88310","New Mexico"
"88316","New Mexico"
"88346","New Mexico"
"88419","New Mexico"
"88426","New Mexico"
"88439","New Mexico"
"89013","Nevada"
"89020","Nevada"
"89025","Nevada"
"89042","Nevada"
"89101","Nevada"
"89115","Nevada"
"89130","Nevada"
"89131","Nevada"
"89310","Nevada"
"89410","Nevada"
"89422","Nevada"
"89428","Nevada"
"89438","Nevada"
"89441","Nevada"
"89523","Nevada"
"89823","Nevada"
"89835","Nevada"
"90008","California"
"90016","California"
"90019","California"
"90020","California"
"90021","California"
"90024","California"
"90028","California"
"90035","California"
"90048","California"
"90056","California"
"90057","California"
"90069","California"
"90079","California"
"90249","California"
"90250","California"
"90401","California"
"90403","California"
"90704","California"
"90814","California"
"91010","California"
"91202","California"
"91206","California"
"91210","California"
"91302","California"
"91350","California"
"91351","California"
"91377","California"
"91606","California"
"91709","California"
"91745","California"
"91784","California"
"91786","California"
"91792","California"
"91910","California"
"91931","California"
"91980","California"
"92004","California"
"92010","California"
"92040","California"
"92067","California"
"92105","California"
"92121","California"
"92127","California"
"92130","California"
"92134","California"
"92173","California"
"92210","California"
"92211","California"
"92220","California"
"92234","California"
"92236","California"
"92251","California"
"92254","California"
"92258","California"
"92275","California"
"92285","California"
"92309","California"
"92316","California"
"92317","California"
"92327","California"
"92336","California"
"92346","California"
"92356","California"
"92506","California"
"92549","California"
"92557","California"
"92590","California"
"92620","California"
"92630","California"
"92657","California"
"92675","California"
"92807","California"
"92832","California"
"92868","California"
"92870","California"
"93001","California"
"93223","California"
"93257","California"
"93277","California"
"93405","California"
"93450","California"
"93465","California"
"93501","California"
"93518","California"
"93519","California"
"93534","California"
"93535","California"
"93560","California"
"93603","California"
"93606","California"
"93626","California"
"93633","California"
"93636","California"
"93640","California"
"93657","California"
"93665","California"
"93722","California"
"93723","California"
"93727","California"
"93940","California"
"94002","California"
"94005","California"
"94111","California"
"94116","California"
"94117","California"
"94118","California"
"94129","California"
"94526","California"
"94535","California"
"94544","California"
"94553","California"
"94555","California"
"94559","California"
"94562","California"
"94567","California"
"94585","California"
"94702","California"
"94804","California"
"94937","California"
"95041","California"
"95043","California"
"95050","California"
"95062","California"
"95121","California"
"95134","California"
"95138","California"
"95215","California"
"95306","California"
"95307","California"
"95338","California"
"95341","California"
"95350","California"
"95421","California"
"95423","California"
"95425","California"
"95427","California"
"95443","California"
"95444","California"
"95488","California"
"95514","California"
"95571","California"
"95602","California"
"95632","California"
"95635","California"
"95637","California"
"95670","California"
"95671","California"
"95677","California"
"95679","California"
"95685","California"
"95690","California"
"95713","California"
"95728","California"
"95819","California"
"95823","California"
"95827","California"
"95864","California"
"95918","California"
"95923","California"
"95936","California"
"95938","California"
"95941","California"
"95945","California"
"95946","California"
"95958","California"
"95968","California"
"95986","California"
"96020","California"
"96034","California"
"96039","California"
"96061","California"
"96071","California"
"96090","California"
"96109","California"
"96134","California"
"96728","Hawaii"
"96738","Hawaii"
"96740","Hawaii"
"96753","Hawaii"
"96762","Hawaii"
"96773","Hawaii"
"96782","Hawaii"
"96819","Hawaii"
"96860","Hawaii"
"97003","Oregon"
"97033","Oregon"
"97049","Oregon"
"97056","Oregon"
"97058","Oregon"
"97064","Oregon"
"97101","Oregon"
"97106","Oregon"
"97123","Oregon"
"97144","Oregon"
"97203","Oregon"
"97221","Oregon"
"97225","Oregon"
"97239","Oregon"
"97329","Oregon"
"97366","Oregon"
"97375","Oregon"
"97385","Oregon"
"97386","Oregon"
"97411","Oregon"
"97436","Oregon"
"97448","Oregon"
"97461","Oregon"
"97466","Oregon"
"97526","Oregon"
"97536","Oregon"
"97624","Oregon"
"97702","Oregon"
"97709","Oregon"
"97732","Oregon"
"97738","Oregon"
"97834","Oregon"
"97844","Oregon"
"97850","Oregon"
"97868","Oregon"
"97883","Oregon"
"97902","Oregon"
"97917","Oregon"
"98026","Washington"
"98033","Washington"
"98053","Washington"
"98074","Washington"
"98195","Washington"
"98198","Washington"
"98199","Washington"
"98241","Washington"
"98272","Washington"
"98292","Washington"
"98303","Washington"
"98310","Washington"
"98338","Washington"
"98340","Washington"
"98345","Washington"
"98346","Washington"
"98356","Washington"
"98382","Washington"
"98402","Washington"
"98467","Washington"
"98526","Washington"
"98536","Washington"
"98538","Washington"
"98555","Washington"
"98563","Washington"
"98577","Washington"
"98582","Washington"
"98588","Washington"
"98589","Washington"
"98626","Washington"
"98648","Washington"
"98685","Washington"
"98801","Washington"
"98829","Washington"
"98844","Washington"
"98857","Washington"
"98932","Washington"
"98946","Washington"
"99009","Washington"
"99012","Washington"
"99014","Washington"
"99018","Washington"
"99019","Washington"
"99102","Washington"
"99114","Washington"
"99161","Washington"
"99173","Washington"
"99204","Washington"
"99224","Washington"
"99343","Washington"
"99363","Washington"
"99401","Washington"
"99403","Washington"
"99503","Alaska"
"99558","Alaska"
"99575","Alaska"
"99576","Alaska"
"99579","Alaska"
"99602","Alaska"
"99633","Alaska"
"99653","Alaska"
"99658","Alaska"
"99662","Alaska"
"99664","Alaska"
"99702","Alaska"
"99703","Alaska"
"99712","Alaska"
"99734","Alaska"
"99745","Alaska"
"99750","Alaska"
"99756","Alaska"
"99757","Alaska"
"99760","Alaska"
"99772","Alaska"
"99776","Alaska"
"99778","Alaska"
"99782","Alaska"
"99829","Alaska"
"99833","Alaska"
"99841","Alaska"
"99901","Alaska"
"99919","Alaska"
"99922","Alaska"
